id,blok,temat,zdanie,zrodlo,wydanie,pewnosc,zgadzam_sie,poprawka
"hiv-0066","pep","czym jest PEP","PEP to leki brane po możliwym kontakcie z HIV, żeby zapobiec zakażeniu.","Zjednoczenie Pozytywni w Tęczy","2025","VERIFIED","",""
"hiv-0067","pep","okno czasowe","PEP trzeba zacząć jak najszybciej — najlepiej w ciągu dwóch godzin, maksymalnie do 48, a w uzasadnionych przypadkach do 72 godzin.","Polskie Towarzystwo Naukowe AIDS","2025","OFFICIAL","",""
"hiv-0068","pep","okno czasowe","Po 72 godzinach PEP nie jest już zalecany — nie ma dowodów, że działa. Zgłoś się mimo to: potrzebne są testy wyjściowe i ocena, co dalej.","Polskie Towarzystwo Naukowe AIDS","2025","OFFICIAL","",""
"hiv-0069","pep","czas trwania","PEP przyjmuje się codziennie przez 28 dni.","Polskie Towarzystwo Naukowe AIDS","2025","OFFICIAL","",""
"hiv-0070","pep","kto płaci","W Polsce PEP przy ekspozycji zawodowej opłaca pracodawca.","gov.pl","2024","OFFICIAL","",""
"hiv-0071","pep","kto płaci","Kto płaci za PEP pozazawodowy w Polsce, zależy od rodzaju ekspozycji i bywa różny — przy części sytuacji koszt może ponosić pacjent. Nie mamy tego jeszcze potwierdzonego u źródła, więc zapytaj o koszt na miejscu, w szpitalu zakaźnym — i nie odkładaj z tego powodu zgłoszenia.","Stowarzyszenie „Jeden Świat""","2025","COMMUNITY","",""
"hiv-0072","pep","gdzie się zgłosić","Po PEP zgłoś się bezpośrednio na SOR albo izbę przyjęć szpitala zakaźnego. Bez skierowania.","PKD Poznań","2025","COMMUNITY","",""
"hiv-0073","pep","anonimowość","PEP nie jest anonimowy — lekarz musi ocenić ryzyko i prowadzić dokumentację, chronioną tajemnicą lekarską.","PKD Poznań","2025","COMMUNITY","",""
"hiv-0074","pep","czego PEP nie robi","PEP nie chroni przed kiłą, rzeżączką, chlamydią, HPV ani innymi chorobami przenoszonymi drogą płciową.","PKD Poznań","2025","COMMUNITY","",""
"hiv-0083","ekspozycja","pierwsze minuty","Po zakłuciu nie wyciskaj rany. Przemyj ją wodą z mydłem.","gov.pl","2024","OFFICIAL","",""
"hiv-0084","ekspozycja","pierwsze minuty","Błony śluzowe po ekspozycji przepłucz wodą albo solą fizjologiczną.","gov.pl","2024","OFFICIAL","",""
"hiv-0085","ekspozycja","zgłoszenie","Zdarzenie ekspozycji zawodowej trzeba zgłosić przełożonemu i zarejestrować.","gov.pl","2024","OFFICIAL","",""
"hiv-0086","ekspozycja","kwalifikacja do PEP","Po ekspozycji zgłoś się do ośrodka specjalistycznego najlepiej w ciągu 48 godzin, żeby ocenić potrzebę PEP.","gov.pl","2024","OFFICIAL","",""
"hiv-0087","ekspozycja","pacjent źródłowy","Pacjenta źródłowego bada się w kierunku HIV testem czwartej generacji, za jego zgodą.","gov.pl","2024","OFFICIAL","",""
"hiv-0110","granice","wyniki badań","Krąg nie interpretuje wyników badań konkretnej osoby. Od tego jest lekarz.","Projekt Krąg","2026-07","COMMUNITY","",""
"hiv-0111","granice","leczenie","Krąg nie sugeruje zmian w leczeniu ani doboru leków. Takie decyzje podejmuje lekarz prowadzący.","Projekt Krąg","2026-07","COMMUNITY","",""
"hiv-0112","granice","sytuacja nagła","W nagłej sytuacji Krąg kieruje do PEP w szpitalu zakaźnym. Nie zastępuje kontaktu z lekarzem.","Projekt Krąg","2026-07","COMMUNITY","",""
"hiv-0061","prep-pl","refundacja","W Polsce w 2026 roku PrEP nie jest refundowany. Pacjent płaci pełną cenę leku, wizyty i badań.","Rynek Zdrowia (prasa branżowa)","2025-2026","VERIFIED","",""
"hiv-0062","prep-pl","koszt","Miesięczny koszt generycznego PrEP w Polsce to orientacyjnie 150 do 200 złotych, z wahaniami przy brakach leku.","GdziePoLek.pl","2025","COMMUNITY","",""
"hiv-0063","prep-pl","recepta","Od 19 września 2024 roku receptę na PrEP mogą wystawiać także lekarze podstawowej opieki zdrowotnej — nadal pełnopłatnie.","Rynek Zdrowia (prasa branżowa)","2025-2026","VERIFIED","",""
"hiv-0064","prep-pl","gdzie","PrEP w Polsce można uzyskać w poradniach zakaźnych i wenerologicznych oraz w prywatnych klinikach w dużych miastach. Lista poradni jest na stronie Krajowego Centrum do spraw AIDS.","Krajowe Centrum ds. AIDS","2026","OFFICIAL","",""
"hiv-0065","prep-pl","refundacja","Temat refundacji PrEP był na agendzie Parlamentarnego Zespołu do spraw HIV/AIDS w styczniu 2026 roku, ale świadczenie wciąż nie jest gwarantowane.","Rynek Zdrowia (prasa branżowa)","2025-2026","VERIFIED","",""
"hiv-0098","leczenie-pl","bezpłatność","W Polsce leczenie antyretrowirusowe jest bezpłatne dla każdej osoby z HIV, niezależnie od obywatelstwa i ubezpieczenia.","Ministerstwo Zdrowia","2022-2026","OFFICIAL","",""
"hiv-0099","leczenie-pl","program","Leczenie antyretrowirusowe finansuje Rządowy Program Polityki Zdrowotnej na lata 2022–2026.","Ministerstwo Zdrowia","2022-2026","OFFICIAL","",""
"hiv-0100","leczenie-pl","cudzoziemcy","Obywatele Ukrainy z HIV mogą kontynuować leczenie antyretrowirusowe w Polsce. Szerszy dostęp do świadczeń NFZ zmienił się po wygaszeniu specustawy w marcu 2026 roku.","Narodowy Fundusz Zdrowia","2026","OFFICIAL","",""
"hiv-0027","uu","czym jest U=U","U=U znaczy: niewykrywalny równa się niezakaźny. Osoba z niewykrywalną wiremią nie przenosi HIV drogą seksualną.","Centers for Disease Control and Prevention (US)","2025","OFFICIAL","",""
"hiv-0028","uu","podstawa dowodowa","U=U potwierdziły cztery duże badania: HPTN 052, PARTNER, PARTNER2 i Opposites Attract.","HIV i-Base","2025","VERIFIED","",""
"hiv-0029","uu","podstawa dowodowa","W badaniach nie odnotowano ani jednej transmisji seksualnej przy utrzymanej niewykrywalnej wiremii — łącznie w około 126 tysiącach aktów bez prezerwatywy.","NAM Publications","2025","VERIFIED","",""
"hiv-0030","uu","kto to potwierdza","U=U poparły między innymi WHO, UNAIDS i CDC oraz ponad tysiąc organizacji ze 105 krajów.","Prevention Access Campaign","2025","VERIFIED","",""
"hiv-0031","uu","warunek","Żeby U=U działało, wiremia musi być niewykrywalna trwale — zwykle rozumie się to jako poniżej 200 kopii na mililitr.","NYSDOH AIDS Institute Clinical Guidelines Program","2025","OFFICIAL","",""
"hiv-0032","uu","blipy","Krótkie „blipy"", czyli chwilowe niskie wyniki wykrywalne, nie znosiły ochrony w badaniach.","NYSDOH AIDS Institute Clinical Guidelines Program","2025","OFFICIAL","",""
"hiv-0033","uu","granice U=U","U=U udowodniono dla kontaktów seksualnych. To nie jest to samo co karmienie piersią czy wspólne igły.","NYSDOH AIDS Institute Clinical Guidelines Program","2025","OFFICIAL","",""
"hiv-0034","uu","granice U=U","Przy karmieniu piersią na skutecznym leczeniu ryzyko zakażenia dziecka jest mniejsze niż 1 procent, ale nie zerowe.","NIH / DHHS (US)","2024","OFFICIAL","",""
"hiv-0035","uu","granice U=U","Nie udowodniono, że osoba z niewykrywalną wiremią nie przenosi HIV przez wspólne igły.","NYSDOH AIDS Institute Clinical Guidelines Program","2025","OFFICIAL","",""
"hiv-0212","bezpieczenstwo","profilaktyka PCP","Przy CD4 poniżej 200 lekarz zwykle dokłada lek osłonowy przeciw zapaleniu płuc wywołanemu przez Pneumocystis. Odstawia się go po utrzymaniu CD4 powyżej 200 przez około trzy miesiące — decyzję podejmuje lekarz prowadzący.","European AIDS Clinical Society","13.0 (2025)","OFFICIAL","",""
"hiv-0213","bezpieczenstwo","profilaktyka toksoplazmozy","Przy CD4 poniżej 100 i dodatnim wyniku przeciwciał stosuje się profilaktykę toksoplazmozy. Odstawia się ją po odbudowie powyżej 200.","European AIDS Clinical Society","13.0 (2025)","OFFICIAL","",""
"hiv-0214","bezpieczenstwo","MAC","Prątki atypowe stanowią ryzyko przy CD4 poniżej 50. Przy skutecznym leczeniu antyretrowirusowym osobna profilaktyka zwykle nie jest już potrzebna.","DHHS","2025","OFFICIAL","",""
"hiv-0215","bezpieczenstwo","pogorszenie po starcie leczenia","W pierwszych tygodniach leczenia może pojawić się gorączka, powiększone węzły lub nasilenie objawów istniejącego zakażenia. To zespół rekonstytucji immunologicznej i zwykle oznacza, że układ odpornościowy zaczyna działać, a nie że lek zawodzi. Objaw trzeba zgłosić lekarzowi, ale nie odstawiać leków samodzielnie.","European AIDS Clinical Society","13.0 (2025)","OFFICIAL","",""
"hiv-0216","bezpieczenstwo","szczepionki żywe","Przy CD4 poniżej 200 szczepionki żywe są przeciwwskazane — dotyczy to odry, świnki i różyczki, ospy wietrznej, żółtej gorączki oraz doustnej szczepionki przeciw durowi brzusznemu.","European AIDS Clinical Society","13.0 (2025)","OFFICIAL","",""
"hiv-0217","bezpieczenstwo","szczepionki zalecane","Szczepionki nieżywe są bezpieczne i zalecane: WZW typu A i B, HPV, grypa, pneumokoki, COVID-19, a według wskazań także półpasiec w wersji rekombinowanej. Przy niskim CD4 odpowiedź bywa słabsza, więc część szczepień lekarz przesuwa na czas po odbudowie.","European AIDS Clinical Society","13.0 (2025)","OFFICIAL","",""
"hiv-0218","bezpieczenstwo","codzienne środki ostrożności","Przy niskim CD4 sens mają: mycie rąk, rękawiczki przy sprzątaniu po zwierzęciu, dobrze wysmażone mięso i jajka, mycie warzyw oraz konsultacja przed dalszą podróżą. Oddawanie zwierzęcia nie jest zalecane — liczy się higiena, nie pozbycie się psa czy kota.","NAM","","COMMUNITY","",""
"hiv-0088","prawo","art. 161 KK","Artykuł 161 Kodeksu karnego karze umyślne bezpośrednie narażenie innej osoby na zakażenie HIV — od trzech miesięcy do pięciu lat pozbawienia wolności.","Ustawodawca RP","stan na 2026-07","OFFICIAL","",""
"hiv-0089","prawo","art. 161 KK","Przy narażeniu wielu osób kara wynosi od roku do dziesięciu lat.","Ustawodawca RP","stan na 2026-07","OFFICIAL","",""
"hiv-0090","prawo","art. 161 KK","Ściganie z artykułu 161 następuje na wniosek pokrzywdzonego.","Ustawodawca RP","stan na 2026-07","OFFICIAL","",""
"hiv-0091","prawo","nowelizacja","W 2024 roku Ministerstwo Zdrowia zaproponowało złagodzenie artykułu 161 i usunięcie wyodrębnienia HIV jako stygmatyzującego. Zmiana nie została uchwalona.","Termedia (prasa branżowa)","2024","COMMUNITY","",""
"hiv-0092","prawo","kryminalizacja","UNAIDS krytykuje kryminalizację narażenia na HIV.","UNAIDS","2025","OFFICIAL","",""
"hiv-0093","prawo","dane osobowe","Dane o statusie HIV to dane o zdrowiu — szczególna kategoria chroniona przez RODO.","Parlament Europejski i Rada UE","2016/679","OFFICIAL","",""
"hiv-0094","prawo","tajemnica lekarska","Status HIV jest objęty tajemnicą lekarską.","Polskie Towarzystwo Naukowe AIDS","2025","OFFICIAL","",""
"hiv-0095","prawo","praca","Pracodawca co do zasady nie może wymagać testu na HIV ani pytać o status.","International Labour Organization","2001/2010","VERIFIED","",""
"hiv-0096","prawo","praca","Badania medycyny pracy nie obejmują rutynowo testu na HIV.","Ustawodawca RP","stan na 2026-07","OFFICIAL","",""
"hiv-0097","prawo","dyskryminacja","Osobę żyjącą z HIV chroni zakaz dyskryminacji w zatrudnieniu.","Ustawodawca RP","stan na 2026-07","OFFICIAL","",""
"hiv-0075","testowanie","rodzaje testów","Test czwartej generacji wykrywa antygen p24, zwykle po około dwóch tygodniach, oraz przeciwciała, po czterech do dwunastu tygodni.","Polskie Towarzystwo Naukowe AIDS","2025","OFFICIAL","",""
"hiv-0076","testowanie","rodzaje testów","Są testy z krwi, ze śliny, testy szybkie i testy do samodzielnego wykonania w domu.","Polskie Towarzystwo Naukowe AIDS","2025","OFFICIAL","",""
"hiv-0077","testowanie","test molekularny","Test molekularny wykrywa wirusa najwcześniej, bo szuka jego materiału genetycznego, a nie reakcji organizmu.","Polskie Towarzystwo Naukowe AIDS","2025","OFFICIAL","",""
"hiv-0078","testowanie","potwierdzenie wyniku","Dodatni wynik testu przesiewowego zawsze wymaga potwierdzenia testem weryfikującym.","Polskie Towarzystwo Naukowe AIDS","2025","OFFICIAL","",""
"hiv-0079","testowanie","PKD","W punkcie konsultacyjno-diagnostycznym test HIV jest bezpłatny, anonimowy i bez skierowania.","Krajowe Centrum ds. AIDS","2026","OFFICIAL","",""
"hiv-0080","testowanie","PKD","Wynik z punktu konsultacyjno-diagnostycznego odbiera się osobiście, na hasło. Nie podaje się go przez telefon.","Krajowe Centrum ds. AIDS","2026","OFFICIAL","",""
"hiv-0081","testowanie","PKD","W każdym województwie działa co najmniej jeden punkt konsultacyjno-diagnostyczny. Aktualna lista jest na stronie Krajowego Centrum do spraw AIDS.","Krajowe Centrum ds. AIDS","2026","OFFICIAL","",""
"hiv-0082","testowanie","PKD","W punkcie konsultacyjno-diagnostycznym nie wystawia się recept ani nie prowadzi leczenia. To miejsce testowania i rozmowy.","Krajowe Centrum ds. AIDS","2026","OFFICIAL","",""
"hiv-0201","odbudowa","dwie fazy odbudowy","Po włączeniu leczenia liczba CD4 rośnie najszybciej przez pierwsze pół roku, potem coraz wolniej. W dużych kohortach pierwsza faza to rząd 265 komórek na rok, uśrednienie przez pierwsze dwa lata daje około 100, a po sześciu latach już tylko kilka.","OFID","2026","VERIFIED","",""
"hiv-0202","odbudowa","start z niskiego poziomu","Start z bardzo niskiego CD4 nie zamyka drogi do odbudowy. W badaniach osoby zaczynające poniżej 50 komórek miały w drugiej fazie tempo równe lub szybsze niż zaczynające wyżej — po prostu dłużej pozostawały poniżej progu 200.","NIH PMC","","VERIFIED","",""
"hiv-0203","odbudowa","jak długo trwa","Odbudowa liczy się w latach, nie w miesiącach. W jednej z kohort CD4 rosło średnio przez sześć i pół roku, zanim wyszło na płaskowyż. Punkt startu wpływa na to, gdzie ten płaskowyż wypadnie, ale nie na to, czy wzrost w ogóle nastąpi.","OFID","2026","VERIFIED","",""
"hiv-0204","odbudowa","brak odpowiedzi immunologicznej","U części osób z niewykrywalną wiremią CD4 mimo to nie rośnie. Zależnie od przyjętej definicji dotyczy to od kilkunastu do kilkudziesięciu procent leczonych. Najsilniejszym czynnikiem ryzyka jest niski nadir, drugim wiek w chwili rozpoczęcia leczenia.","Frontiers","2022","VERIFIED","",""
"hiv-0205","odbudowa","czego nie robi się przy słabej odbudowie","Przy niewykrywalnej wiremii i słabo rosnącym CD4 nie dokłada się kolejnych leków ani nie zmienia schematu wyłącznie po to, by podnieść limfocyty — wytyczne odradzają to wprost. Interleukina-2 podnosi CD4, ale w dużych badaniach nie zmniejszyła ryzyka zachorowania ani zgonu.","DHHS","2025","OFFICIAL","",""
"hiv-0206","odbudowa","wskaźnik CD4/CD8","Stosunek CD4 do CD8 bywa lepszym wskaźnikiem przewlekłego stanu zapalnego niż samo CD4. Bywa niski nawet wtedy, gdy CD4 wróciło powyżej 500, i wiąże się z ryzykiem chorób niezwiązanych z AIDS.","JAC","","VERIFIED","",""
"hiv-0207","odbudowa","czego nie zmienisz","Na tempo odbudowy wpływają rzeczy przesądzone przed diagnozą: wiek w chwili rozpoczęcia leczenia, najniższy poziom CD4 w historii, czas od zakażenia do leczenia oraz funkcja grasicy. Wolniejsza odbudowa nie jest niczyją winą.","DHHS","2025","OFFICIAL","",""
"hiv-0208","odbudowa","co jest po Twojej stronie","Jedyną rzeczą o udowodnionym wpływie na odbudowę jest regularne przyjmowanie leków i utrzymanie niewykrywalnej wiremii. Poza tym liczy się leczenie koinfekcji, szczepienia we właściwym momencie, niepalenie i leczenie depresji — to ostatnie głównie dlatego, że ułatwia regularność.","DHHS","2025","OFFICIAL","",""
"hiv-0209","odbudowa","ruch a CD4","Przeglądy systematyczne pokazują, że regularny wysiłek u osób z HIV poprawia wydolność, siłę, nastrój i jakość życia, i jest bezpieczny. Nie wykazano natomiast, żeby podnosił CD4 albo obniżał wiremię.","Cochrane","","VERIFIED","",""
"hiv-0210","odbudowa","suplementy a odbudowa","Przeglądy Cochrane nie wykazały istotnego wpływu suplementacji mikroelementów na CD4 ani przeżycie u osób prawidłowo odżywionych. Suplementacja ma uzasadnienie przy niedoborze potwierdzonym badaniem, a nie profilaktycznie.","Cochrane","2017","VERIFIED","",""
"hiv-0211","odbudowa","rokowanie a moment rozpoczęcia leczenia","Osoby zaczynające leczenie z wysokim CD4 mają dziś oczekiwaną długość życia zbliżoną do populacji ogólnej. Przy bardzo niskim CD4 na starcie różnica jest istotna, ale dane dla osób rozpoczynających leczenie po 2015 roku są wyraźnie lepsze niż wcześniejsze.","Lancet","2023","VERIFIED","",""
"hiv-0051","prep","czym jest PrEP","PrEP to leki brane przez osobę bez HIV po to, żeby zapobiec zakażeniu.","Centers for Disease Control and Prevention (US)","2025","OFFICIAL","",""
"hiv-0052","prep","schematy","PrEP można brać codziennie albo w schemacie „na żądanie"" 2-1-1: dwie tabletki przed seksem, po jednej przez dwa kolejne dni.","UCSF","2025","VERIFIED","",""
"hiv-0053","prep","schemat 2-1-1","Schemat 2-1-1 zbadano w IPERGAY: 86 procent skuteczności, a w przedłużeniu badania 97 procent.","Molina J-M. i in., NEJM 2015","2015","VERIFIED","",""
"hiv-0054","prep","schemat 2-1-1","Schemat 2-1-1 zaleca się mężczyznom mającym seks z mężczyznami. Nie jest zalecany przy ekspozycji waginalnej.","UCSF","2025","VERIFIED","",""
"hiv-0055","prep","lenakapawir","Lenakapawir w zastrzyku co pół roku został zatwierdzony przez amerykański FDA 18 czerwca 2025 roku jako PrEP.","Gilead Sciences / FDA","2025-06-18","OFFICIAL","",""
"hiv-0056","prep","lenakapawir","W badaniu PURPOSE 1, wśród kobiet, lenakapawir dał zero zakażeń.","New England Journal of Medicine","2024","VERIFIED","",""
"hiv-0057","prep","lenakapawir","W badaniu PURPOSE 2 lenakapawir zmniejszył liczbę zakażeń o 96 procent.","New England Journal of Medicine","2024","VERIFIED","",""
"hiv-0058","prep","lenakapawir","WHO zaleciło lenakapawir jako PrEP 14 lipca 2025 roku.","World Health Organization","2025","OFFICIAL","",""
"hiv-0059","prep","badania kontrolne","Przed rozpoczęciem PrEP i w trakcie jego stosowania robi się test HIV, badania nerek i badania w kierunku innych chorób przenoszonych drogą płciową.","Centers for Disease Control and Prevention (US)","2025","OFFICIAL","",""
"hiv-0060","prep","czego PrEP nie robi","PrEP nie chroni przed innymi chorobami przenoszonymi drogą płciową ani przed ciążą.","Centers for Disease Control and Prevention (US)","2025","OFFICIAL","",""
"hiv-0223","pierwsze-dni","diagnoza to nie wyrok","Dziś HIV jest chorobą przewlekłą, leczoną codzienną terapią. Przy leczeniu, zwłaszcza rozpoczętym przy zachowanej odporności, oczekiwana długość życia jest zbliżona do długości życia osób bez HIV.","Lancet","2023","VERIFIED","",""
"hiv-0224","pierwsze-dni","tempo — co jest pilne, a co nie","Leczenie antyretrowirusowe zaczyna się szybko po diagnozie, ale nie w trybie nagłym jak PEP. Jest czas na badania wyjściowe i rozmowę z lekarzem — pilne jest umówienie się do poradni, nie podejmowanie wszystkich decyzji naraz.","European AIDS Clinical Society","13.0 (2025)","OFFICIAL","",""
"hiv-0225","pierwsze-dni","pierwsze badania","Na starcie opieki lekarz zleca zwykle liczbę CD4, wiremię, badania nerek i wątroby oraz badania w kierunku koinfekcji: HBV, HCV, kiły i gruźlicy. To punkt odniesienia dla dalszego leczenia.","Polskie Towarzystwo Naukowe AIDS","2025","OFFICIAL","",""
"hiv-0226","pierwsze-dni","głowa w pierwszych tygodniach","Szok, lęk i przytłoczenie w pierwszych tygodniach po diagnozie to najczęstszy przebieg, a nie wyjątek. Pierwszy rok bywa najtrudniejszy psychicznie — dlatego warto od początku mieć z kim o tym rozmawiać: lekarza, psychologa albo kogoś, kto to przeszedł.","BMJ","2021","VERIFIED","",""
"hiv-0020","leczenie","czym jest ART","Leczenie HIV nazywa się terapią antyretrowirusową i przyjmuje się je codziennie, przez całe życie.","Polskie Towarzystwo Naukowe AIDS","2025","OFFICIAL","",""
"hiv-0021","leczenie","klasy leków","Główne klasy leków to NRTI, NNRTI, inhibitory proteazy, inhibitory integrazy, inhibitory wejścia oraz inhibitory kapsydu (np. lenakapawir).","Polskie Towarzystwo Naukowe AIDS","2025","OFFICIAL","",""
"hiv-0022","leczenie","pierwszy rzut","Współczesne leczenie pierwszego rzutu opiera się najczęściej na leku z grupy inhibitorów integrazy, na przykład dolutegrawirze lub biktegrawirze.","European AIDS Clinical Society","13.0 (2025)","OFFICIAL","",""
"hiv-0023","leczenie","terapia iniekcyjna","Istnieje terapia w zastrzykach — kabotegrawir z rylpiwiryną — podawana co jeden lub dwa miesiące zamiast codziennych tabletek.","University of Washington / HRSA","2025","VERIFIED","",""
"hiv-0024","leczenie","terapia iniekcyjna","Terapia w zastrzykach jest tylko dla osób, które już mają niewykrywalną wiremię i nie miały niepowodzeń leczenia. Nie zaczyna się od niej leczenia.","European AIDS Clinical Society","13.0 (2025)","OFFICIAL","",""
"hiv-0025","leczenie","adherencja","Regularne przyjmowanie leków jest kluczowe. Pomijane dawki mogą prowadzić do lekooporności.","Polskie Towarzystwo Naukowe AIDS","2025","OFFICIAL","",""
"hiv-0026","leczenie","rokowanie","Dobrze leczony HIV pozwala żyć długo i w zdrowiu, przez czas zbliżony do długości życia osób bez HIV.","European AIDS Clinical Society","13.0 (2025)","OFFICIAL","",""
"hiv-0036","ciaza","ciąża","Skuteczne leczenie w ciąży niemal całkowicie zapobiega przekazaniu HIV dziecku.","Polskie Towarzystwo Naukowe AIDS","2025","OFFICIAL","",""
"hiv-0037","ciaza","karmienie","Karmienie mlekiem modyfikowanym albo pasteryzowanym mlekiem z banku daje zerowe ryzyko zakażenia dziecka.","NIH / DHHS (US)","2024","OFFICIAL","",""
"hiv-0038","ciaza","karmienie","Od 2023 i 2024 roku wytyczne wspierają wspólne podejmowanie decyzji o karmieniu piersią zamiast bezwzględnego zakazu.","The Well Project","2024","VERIFIED","",""
"hiv-0039","ciaza","karmienie","Osoba z HIV, która chce karmić piersią i ma utrwaloną supresję wirusa, powinna być wspierana, a nie straszona.","NIH / DHHS (US)","2024","OFFICIAL","",""
"hiv-0001","transmisja","drogi przenoszenia","HIV przenosi się trzema drogami: przez seks bez zabezpieczenia, przez krew i z matki na dziecko (ciąża, poród, karmienie piersią).","Polskie Towarzystwo Naukowe AIDS","2025","OFFICIAL","",""
"hiv-0002","transmisja","czym się nie zakazisz","HIV nie przenosi się przez ślinę, pot, łzy, mocz ani kał, jeśli nie ma w nich krwi.","Polskie Towarzystwo Naukowe AIDS","2025","OFFICIAL","",""
"hiv-0003","transmisja","czym się nie zakazisz","Nie zakazisz się HIV przez przytulenie, podanie ręki, wspólne naczynia, toaletę czy basen.","Krajowe Centrum ds. AIDS","2026","OFFICIAL","",""
"hiv-0004","transmisja","płyny zakaźne","Płyny, które mogą przenosić HIV, to m.in. krew, nasienie, wydzielina pochwy i mleko kobiece.","Polskie Towarzystwo Naukowe AIDS","2025","OFFICIAL","",""
"hiv-0005","transmisja","mity","Komary i inne owady nie przenoszą HIV.","Centers for Disease Control and Prevention (US)","2025","OFFICIAL","",""
"hiv-0006","transmisja","ryzyko na akt","Na 10 000 kontaktów analnych biernych z osobą zakażoną, nieleczoną i bez zabezpieczeń, do zakażenia dochodzi około 138 razy.","Patel P. i in., AIDS 2014;28(10):1509–1519","2014","VERIFIED","",""
"hiv-0007","transmisja","ryzyko na akt","Seks analny czynny to około 11 zakażeń na 10 000 kontaktów.","Patel P. i in., AIDS 2014;28(10):1509–1519","2014","VERIFIED","",""
"hiv-0008","transmisja","ryzyko na akt","Seks waginalny to około 8 zakażeń na 10 000 kontaktów dla strony przyjmującej i około 4 dla strony wprowadzającej.","Patel P. i in., AIDS 2014;28(10):1509–1519","2014","VERIFIED","",""
"hiv-0009","transmisja","ryzyko na akt","Wspólna igła do narkotyków to około 63 zakażenia na 10 000 użyć.","Patel P. i in., AIDS 2014;28(10):1509–1519","2014","VERIFIED","",""
"hiv-0010","transmisja","ryzyko na akt","Przetoczenie zakażonej krwi ma bardzo wysokie ryzyko — około 9250 na 10 000.","Patel P. i in., AIDS 2014;28(10):1509–1519","2014","VERIFIED","",""
"hiv-0011","transmisja","ryzyko na akt","Seks oralny uznaje się za niskie ryzyko, a plucie czy ugryzienie za znikome.","Patel P. i in., AIDS 2014;28(10):1509–1519","2014","VERIFIED","",""
"hiv-0012","transmisja","co podnosi ryzyko","Ryzyko zakażenia rośnie, gdy druga osoba ma świeże zakażenie, wysoką wiremię albo inną chorobę przenoszoną drogą płciową.","Patel P. i in., AIDS 2014;28(10):1509–1519","2014","VERIFIED","",""
"hiv-0219","psyche","pierwszy rok","Pierwszy rok po diagnozie jest dla większości osób najtrudniejszy i to najczęstszy przebieg, a nie wyjątek. Około jednej trzeciej osób żyjących z HIV doświadcza depresji, z nasileniem w pierwszych miesiącach po wyniku.","BMJ","2021","VERIFIED","",""
"hiv-0220","psyche","samostygmatyzacja","Najsilniej szkodzi nie sam wirus, tylko przejęcie cudzych sądów jako własnych. W badaniach samostygmatyzacja jest jednym z najmocniejszych czynników związanych z depresją — i jednym z niewielu, które da się zmienić.","PLOS","","VERIFIED","",""
"hiv-0221","psyche","co ma dowody","Dowody mają: kontakt z osobą, która przeszła to samo, wsparcie rówieśnicze, terapia poznawczo-behawioralna oraz leczenie depresji. W badaniu z Los Angeles osoby z przydzielonym towarzyszem z doświadczeniem utrzymały skuteczność leczenia po roku na poziomie 49 procent wobec 30 procent bez takiego wsparcia.","JAMA","2018","VERIFIED","",""
"hiv-0222","psyche","granice pozytywnego myślenia","W badaniu z grupą kontrolną osiem tygodni treningu uważności poprawiło nastrój, poziom stresu i samopoczucie, ale nie zmieniło ani CD4, ani markerów zapalnych. Depresja szkodzi zdrowiu przede wszystkim przez to, że utrudnia regularne branie leków — i dlatego warto ją leczyć.","Elsevier","2018","VERIFIED","",""
"hiv-0013","przebieg","faza ostra","Pierwsze objawy mogą przypominać grypę: gorączka, ból gardła, wysypka, powiększone węzły chłonne — zwykle 2 do 4 tygodni po zakażeniu.","Polskie Towarzystwo Naukowe AIDS","2025","OFFICIAL","",""
"hiv-0014","przebieg","faza bezobjawowa","Po fazie ostrej przychodzi faza bezobjawowa, która bez leczenia może trwać wiele lat.","Polskie Towarzystwo Naukowe AIDS","2025","OFFICIAL","",""
"hiv-0015","przebieg","AIDS","AIDS rozpoznaje się u osoby z HIV wtedy, gdy pojawia się jedna z tak zwanych chorób wskaźnikowych.","Polskie Towarzystwo Naukowe AIDS","2025","OFFICIAL","",""
"hiv-0016","przebieg","CD4","Liczba CD4 pokazuje, jak silny jest układ odpornościowy. Wynik poniżej 200 oznacza duże ryzyko zakażeń oportunistycznych.","Polskie Towarzystwo Naukowe AIDS","2025","OFFICIAL","",""
"hiv-0017","przebieg","wiremia","Wiremia to liczba kopii wirusa we krwi. Celem leczenia jest, żeby była niewykrywalna.","Polskie Towarzystwo Naukowe AIDS","2025","OFFICIAL","",""
"hiv-0018","przebieg","niewykrywalny","„Niewykrywalny"" znaczy „poniżej progu testu"", zwykle mniej niż 50 kopii na mililitr — a nie „bez wirusa"".","European AIDS Clinical Society","13.0 (2025)","OFFICIAL","",""
"hiv-0019","przebieg","późne rozpoznania","W Polsce w grudniu 2024 roku średnia liczba CD4 przy rozpoznaniu AIDS wynosiła 71 — to bardzo późne rozpoznania.","NIZP-PZH","2024","OFFICIAL","",""
"hiv-0227","dlugoterminowo","rokowanie zaciera się z czasem","Różnica w długości życia jest największa przy bardzo niskim CD4 na starcie, ale częściowo zaciera się z każdym rokiem skutecznego leczenia. Dane dla osób rozpoczynających leczenie po 2015 roku są wyraźnie lepsze niż wcześniejsze.","Lancet","2023","VERIFIED","",""
"hiv-0228","dlugoterminowo","co się monitoruje przez lata","W stabilnym leczeniu regularnie kontroluje się wiremię i CD4, a z czasem także ciśnienie, lipidy, poziom cukru oraz pracę nerek i wątroby — bo z wiekiem rośnie ryzyko chorób niezwiązanych z AIDS.","European AIDS Clinical Society","13.0 (2025)","OFFICIAL","",""
"hiv-0229","dlugoterminowo","główne ryzyko długoterminowe","U osób długo żyjących z HIV głównym ryzykiem stają się choroby serca, nerek, kości, wątroby oraz nowotwory niezwiązane z AIDS. Dlatego niepalenie, ruch i leczenie chorób współistniejących mają realne znaczenie.","Polskie Towarzystwo Naukowe AIDS","2025","OFFICIAL","",""
"hiv-0230","dlugoterminowo","opieka to nie tylko tabletka","Opieka długoterminowa obejmuje plan szczepień, profilaktykę i badania przesiewowe dostosowane do wieku i odporności. Część szczepień uzupełnia się lub powtarza po odbudowie liczby CD4.","European AIDS Clinical Society","13.0 (2025)","OFFICIAL","",""
"hiv-0040","wspolistniejace","starzenie się","Osoby żyjące z HIV częściej i wcześniej doświadczają chorób serca, nerek, kości i zaburzeń metabolicznych.","Polskie Towarzystwo Naukowe AIDS","2025","OFFICIAL","",""
"hiv-0041","wspolistniejace","koinfekcje","Częste koinfekcje to WZW C, WZW B, gruźlica i kiła. Warto się w ich kierunku badać.","Polskie Towarzystwo Naukowe AIDS","2025","OFFICIAL","",""
"hiv-0042","wspolistniejace","zdrowie psychiczne","Zdrowie psychiczne jest częścią opieki nad HIV. Depresja i lęk zdarzają się częściej i można je leczyć.","Polskie Towarzystwo Naukowe AIDS","2025","OFFICIAL","",""
"hiv-0043","wspolistniejace","szczepienia","Osobom żyjącym z HIV zaleca się szereg szczepień, między innymi przeciw WZW A i B, pneumokokom, grypie, COVID-19 i HPV.","Polskie Towarzystwo Naukowe AIDS","2025","OFFICIAL","",""
"hiv-0044","wspolistniejace","profilaktyka oportunistyczna","Przy niskiej liczbie CD4 stosuje się leki zapobiegające zakażeniom oportunistycznym.","Polskie Towarzystwo Naukowe AIDS","2025","OFFICIAL","",""
"hiv-0101","stygma","język","Zamiast „nosiciel"" czy „zarażony"" mów „osoba żyjąca z HIV"" albo „osoba seropozytywna"".","Fundacja Edukacji Społecznej","2025","VERIFIED","",""
"hiv-0102","stygma","język","Słowo „nosiciel"" jest stygmatyzujące i medycznie niepoprawne.","naTemat.pl","2025","COMMUNITY","",""
"hiv-0103","stygma","język","Nie mów „ofiara AIDS"" ani „grupy ryzyka"". Mów o ryzykownych zachowaniach, nie o grupach ludzi.","Stowarzyszenie „Jeden Świat""","2025","VERIFIED","",""
"hiv-0104","stygma","granice rozmowy","Nie wypytuj osoby żyjącej z HIV o to, jak się zakaziła.","Fundacja Edukacji Społecznej","2025","VERIFIED","",""
"hiv-0105","stygma","skutki","Stygmatyzacja związana z HIV pogarsza zdrowie psychiczne i zniechęca do testowania.","Mijas M. i in., Seksuologia Polska 2017","2017","VERIFIED","",""
"hiv-0045","wyleczenie","stan badań","Nie ma jeszcze leku, który całkowicie usuwa HIV z organizmu.","amfAR","2024","VERIFIED","",""
"hiv-0046","wyleczenie","przypadki remisji","Dotąd siedem osób uznano za wyleczone lub będące w długiej remisji. Wszystkie po przeszczepie komórek krwiotwórczych z powodu nowotworu.","International AIDS Society","2024","VERIFIED","",""
"hiv-0047","wyleczenie","dlaczego nie dla wszystkich","Przeszczep szpiku jest zbyt ryzykowny, żeby był metodą leczenia HIV. Służy nauce jako dowód, że wyleczenie w ogóle jest możliwe.","amfAR","2024","VERIFIED","",""
"hiv-0048","wyleczenie","drugi pacjent berliński","„Drugi pacjent berliński"" z 2024 roku to pierwszy przypadek remisji od dawcy z pojedynczą, a nie podwójną mutacją CCR5-delta32.","International AIDS Society","2024","VERIFIED","",""
"hiv-0049","wyleczenie","co jest w badaniach","Terapie genowe, przeciwciała szeroko neutralizujące i terapie CAR-T są w fazie badań, a nie w praktyce klinicznej.","NAM Publications","2025","VERIFIED","",""
"hiv-0050","wyleczenie","szczepionka","Skutecznej szczepionki przeciw HIV na razie nie ma.","amfAR","2024","VERIFIED","",""
"hiv-0106","epidemiologia","Polska 2024","W 2024 roku w Polsce zgłoszono 2257 nowo wykrytych zakażeń HIV, 185 zachorowań na AIDS i 20 zgonów z powodu AIDS.","NIZP-PZH","2024","OFFICIAL","",""
"hiv-0107","epidemiologia","Polska od 1985","Od 1985 roku do 31 grudnia 2024 roku w Polsce wykryto 35 175 zakażeń HIV. Odnotowano też 4 377 zachorowań na AIDS, a 1 518 osób zmarło.","NIZP-PZH","2024","OFFICIAL","",""
"hiv-0108","epidemiologia","późne rozpoznania","W Polsce utrzymuje się problem późnych rozpoznań. Wiele osób dowiaduje się o zakażeniu w zaawansowanym stadium.","Polskie Towarzystwo Naukowe AIDS","2025","OFFICIAL","",""
"hiv-0109","epidemiologia","transmisja","Osoby nieświadome swojego zakażenia odpowiadają za największą część nowych transmisji.","Polskie Towarzystwo Naukowe AIDS","2025","OFFICIAL","",""
"arv-0001","miejsca","PORADNIA_ARV","Wojewódzki Szpital Zakaźny — Poradnia Profilaktyczno-Lecznicza— ul. Wolska 37, 01-201 Warszawa tel. 22 335 81 01, 22 335 81 02 (pn, czw 9:00–16:00; wt, śr, pt 7:30–15:00)","Krajowe Centrum ds. AIDS / gov.pl","aktualizacja 2025-02-23","OFFICIAL","",""
"arv-0002","miejsca","PORADNIA_ARV","Klinika Chorób Zakaźnych Wieku Dziecięcego— ul. Wolska 37, 01-201 Warszawa tel. 22 335 52 50, 22 335 52 58 (całodobowo)","Krajowe Centrum ds. AIDS / gov.pl","aktualizacja 2025-02-23","OFFICIAL","",""
"arv-0003","miejsca","PORADNIA_ARV","Punkt Konsultacyjny dla Dorosłych Zakażonych HIV— ul. Żurawia 14, 15-540 Białystok tel. 85 831 64 46, 85 831 64 39 (pn–pt 8:00–18:00)","Krajowe Centrum ds. AIDS / gov.pl","aktualizacja 2025-02-23","OFFICIAL","",""
"arv-0004","miejsca","PORADNIA_ARV","Wojewódzka Przychodnia Chorób Zakaźnych— ul. Kurpińskiego 5a, 85-096 Bydgoszcz tel. 52 304 56 40 (wt 7:00–18:00; pn, śr, czw, pt 7:00–15:00)","Krajowe Centrum ds. AIDS / gov.pl","aktualizacja 2025-02-23","OFFICIAL","",""
"arv-0005","miejsca","PORADNIA_ARV","Poradnia Diagnostyki i Leczenia Nabytych Niedoborów Odporności— ul. Zjednoczenia 10, 41-500 Chorzów tel. 32 346 36 19, 32 346 36 20 (pn, czw, pt 8:00–15:35; wt, śr 8:00–18:00)","Krajowe Centrum ds. AIDS / gov.pl","aktualizacja 2025-02-23","OFFICIAL","",""
"arv-0006","miejsca","PORADNIA_ARV","Poradnia Leczenia Nabytych Niedoborów Odporności — Centrum Medyczne Smoluchowskiego— ul. Smoluchowskiego 18, 80-214 Gdańsk tel. 58 341 40 41 wew. 330 (pn–pt 7:00–14:00)","Krajowe Centrum ds. AIDS / gov.pl","aktualizacja 2025-02-23","OFFICIAL","",""
"arv-0007","miejsca","PORADNIA_ARV","Poradnia Chorób Zakaźnych dla Dzieci — Szpital św. Wojciecha— al. Jana Pawła II 50, 80-462 Gdańsk tel. 58 772 39 50 (wt 8:30–11:00; rejestracja pn–pt 7:00–18:00)","Krajowe Centrum ds. AIDS / gov.pl","aktualizacja 2025-02-23","OFFICIAL","",""
"arv-0008","miejsca","PORADNIA_ARV","Poradnia Profilaktyczno-Lecznicza UCMMiT— ul. Powstania Styczniowego 9b, 81-519 Gdynia tel. 58 699 86 82 (pt 13:00–15:00)","Krajowe Centrum ds. AIDS / gov.pl","aktualizacja 2025-02-23","OFFICIAL","",""
"arv-0009","miejsca","PORADNIA_ARV","Poradnia Nabytych Niedoborów Odporności— ul. Śniadeckich 10 (II p.), 31-531 Kraków tel. 12 424 89 11, 12 424 89 13 (pn–pt 8:00–14:00)","Krajowe Centrum ds. AIDS / gov.pl","aktualizacja 2025-02-23","OFFICIAL","",""
"arv-0010","miejsca","PORADNIA_ARV","Poradnia Chorób Zakaźnych Dzieci — Szpital im. Żeromskiego— os. Na Skarpie 67, 31-913 Kraków tel. 12 622 94 63 (pn, wt, śr, pt 7:30–14:30; czw 7:30–18:30)","Krajowe Centrum ds. AIDS / gov.pl","aktualizacja 2025-02-23","OFFICIAL","",""
"arv-0011","miejsca","PORADNIA_ARV","Poradnia Diagnostyczno-Lecznicza— ul. Staszica 11, 20-081 Lublin tel. 81 534 22 88 (pn 10:00–14:00; śr 10:00–18:00; pt 10:00–14:00)","Krajowe Centrum ds. AIDS / gov.pl","aktualizacja 2025-02-23","OFFICIAL","",""
"arv-0012","miejsca","PORADNIA_ARV","Poradnia Chorób Zakaźnych — Centrum Medyczne w Łańcucie— ul. Paderewskiego 5, 37-100 Łańcut tel. 17 224 02 44, 17 224 01 00 (pn–pt 7:00–14:00)","Krajowe Centrum ds. AIDS / gov.pl","aktualizacja 2025-02-23","OFFICIAL","",""
"arv-0013","miejsca","PORADNIA_ARV","Poradnia Nabytych Zaburzeń Odporności— ul. Kniaziewicza 1/5, 91-347 Łódź tel. 42 251 61 24 (pn, wt 7:30–18:00; śr, pt 7:30–15:00; czw 7:30–16:00)","Krajowe Centrum ds. AIDS / gov.pl","aktualizacja 2025-02-23","OFFICIAL","",""
"arv-0014","miejsca","PORADNIA_ARV","Poradnia Chorób Zakaźnych— ul. Kośnego 53, 45-372 Opole tel. 77 443 36 98, 77 443 30 64 (pn–pt 7:00–14:30)","Krajowe Centrum ds. AIDS / gov.pl","aktualizacja 2025-02-23","OFFICIAL","",""
"arv-0015","miejsca","PORADNIA_ARV","Poradnia Chorób Zakaźnych— ul. Wł. Jagiełły 1, 14-100 Ostróda tel. 89 544 45 45 (pn–pt 11:00–15:00)","Krajowe Centrum ds. AIDS / gov.pl","aktualizacja 2025-02-23","OFFICIAL","",""
"arv-0016","miejsca","PORADNIA_ARV","Poradnia Nabytych Niedoborów Odporności— ul. Szwajcarska 3, 61-285 Poznań tel. 61 873 93 15, 451 161 558 (pn 8:00–18:30; wt 7:00–18:30; śr 8:00–18:30; czw 7:00–9:00)","Krajowe Centrum ds. AIDS / gov.pl","aktualizacja 2025-02-23","OFFICIAL","",""
"arv-0017","miejsca","PORADNIA_ARV","Poradnia Chorób Zakaźnych — Szpital Kliniczny im. K. Jonschera— ul. Szpitalna 27/33, 60-572 Poznań tel. 61 849 13 62, 61 849 13 18, 61 849 13 19 (całodobowo)","Krajowe Centrum ds. AIDS / gov.pl","aktualizacja 2025-02-23","OFFICIAL","",""
"arv-0018","miejsca","PORADNIA_ARV","Poradnia Nabytych Niedoborów Immunologicznych— ul. Arkońska 4, bud. K, wejście K1, 71-455 Szczecin tel. 91 813 93 42 (pn–pt 8:00–14:00)","Krajowe Centrum ds. AIDS / gov.pl","aktualizacja 2025-02-23","OFFICIAL","",""
"arv-0019","miejsca","PORADNIA_ARV","Poradnia Profilaktyczno-Lecznicza Niedoborów Odporności (bud. A2)— ul. Koszarowa 5, 51-149 Wrocław tel. 71 700 30 00 (pn 9:30–16:00; wt 8:30–13:30; śr 8:00–14:00; czw 8:00–11:00; pt 9:30–12:30)","Krajowe Centrum ds. AIDS / gov.pl","aktualizacja 2025-02-23","OFFICIAL","",""
"arv-0020","miejsca","PORADNIA_ARV","Klinika Pediatrii i Chorób Infekcyjnych— ul. Chałubińskiego 2-2a, 50-368 Wrocław tel. 71 770 31 55, 71 770 31 56 (całodobowo)","Krajowe Centrum ds. AIDS / gov.pl","aktualizacja 2025-02-23","OFFICIAL","",""
"arv-0021","miejsca","PORADNIA_ARV","Poradnia Profilaktyczno-Lecznicza — Ośrodek Chorób Zakaźnych i Terapii Uzależnień— ul. Wszystkich Świętych 2, 50-136 Wrocław tel. 71 356 07 80, 71 326 67 30 (pn–pt 8:00–20:00)","Krajowe Centrum ds. AIDS / gov.pl","aktualizacja 2025-02-23","OFFICIAL","",""
"arv-0022","miejsca","PORADNIA_ARV","Poradnia Niedoborów Immunologicznych— ul. Zyty 26, 65-046 Zielona Góra tel. 68 329 62 00 (pn 8:00–14:00; śr 8:00–14:00)","Krajowe Centrum ds. AIDS / gov.pl","aktualizacja 2025-02-23","OFFICIAL","",""
"pep-0001","miejsca","DYZUR_PEP","Wojewódzki Szpital Zakaźny — Izba Przyjęć— ul. Wolska 37, 01-201 Warszawa tel. 22 335 52 65, 22 335 53 30, 22 335 52 61 (całodobowo)","Krajowe Centrum ds. AIDS / gov.pl","aktualizacja 2025-02-23","OFFICIAL","",""
"pep-0002","miejsca","DYZUR_PEP","Uniwersytecki Szpital Kliniczny— ul. Żurawia 14, 15-540 Białystok tel. 85 831 65 57, 85 831 64 81, 85 831 64 77 (całodobowo (lekarz dyżurny))","Krajowe Centrum ds. AIDS / gov.pl","aktualizacja 2025-02-23","OFFICIAL","",""
"pep-0003","miejsca","DYZUR_PEP","Wojewódzki Szpital Obserwacyjno-Zakaźny im. T. Browicza— ul. Św. Floriana 12, 85-030 Bydgoszcz tel. 52 325 56 07 (całodobowo)","Krajowe Centrum ds. AIDS / gov.pl","aktualizacja 2025-02-23","OFFICIAL","",""
"pep-0004","miejsca","DYZUR_PEP","Szpital Specjalistyczny— ul. Zjednoczenia 10, 41-500 Chorzów tel. 32 346 36 42, 32 346 36 37 (całodobowo (lekarz dyżurny))","Krajowe Centrum ds. AIDS / gov.pl","aktualizacja 2025-02-23","OFFICIAL","",""
"pep-0005","miejsca","DYZUR_PEP","Szpital Morski im. PCK — Oddział Zakaźny— ul. Powstania Styczniowego 1, 81-519 Gdynia tel. 58 726 05 46 (14:00–8:00 w dni powszednie; całodobowo w soboty, niedziele i święta)","Krajowe Centrum ds. AIDS / gov.pl","aktualizacja 2025-02-23","OFFICIAL","",""
"pep-0006","miejsca","DYZUR_PEP","Szpital św. Wojciecha — Oddział Obserwacyjno-Zakaźny dla Dzieci— al. Jana Pawła II 50, 80-462 Gdańsk tel. 506 842 459 (całodobowo)","Krajowe Centrum ds. AIDS / gov.pl","aktualizacja 2025-02-23","OFFICIAL","",""
"pep-0007","miejsca","DYZUR_PEP","Szpital Uniwersytecki — Oddział Kliniczny Chorób Zakaźnych (bud. J)— ul. M. Jakubowskiego 2, 30-688 Kraków tel. 12 400 20 45 (pn–pt po 14:00 oraz soboty, niedziele i dni wolne — całodobowo)","Krajowe Centrum ds. AIDS / gov.pl","aktualizacja 2025-02-23","OFFICIAL","",""
"pep-0008","miejsca","DYZUR_PEP","Szpital im. S. Żeromskiego — Oddział Chorób Infekcyjnych i Pediatrii— os. Na Skarpie 66, 31-913 Kraków tel. 532 451 116, 12 622 93 44 (całodobowo, 7 dni)","Krajowe Centrum ds. AIDS / gov.pl","aktualizacja 2025-02-23","OFFICIAL","",""
"pep-0009","miejsca","DYZUR_PEP","Uniwersytecki Szpital Kliniczny nr 1 — Izba Przyjęć— ul. Staszica 16, 20-081 Lublin tel. 81 534 94 16 (całodobowo)","Krajowe Centrum ds. AIDS / gov.pl","aktualizacja 2025-02-23","OFFICIAL","",""
"pep-0010","miejsca","DYZUR_PEP","Wojewódzki Szpital Specjalistyczny im. Kard. Wyszyńskiego— ul. Biernackiego 9, 20-089 Lublin tel. 81 740 42 75, 81 740 25 78 (całodobowo)","Krajowe Centrum ds. AIDS / gov.pl","aktualizacja 2025-02-23","OFFICIAL","",""
"pep-0011","miejsca","DYZUR_PEP","Szpital im. Wł. Biegańskiego — izba przyjęć zakaźna— ul. Kniaziewicza 1/5, 91-347 Łódź tel. 42 251 60 80, 42 251 61 36 (całodobowo)","Krajowe Centrum ds. AIDS / gov.pl","aktualizacja 2025-02-23","OFFICIAL","",""
"pep-0012","miejsca","DYZUR_PEP","Powiatowy Zespół Opieki Zdrowotnej— ul. Wł. Jagiełły 1, 14-100 Ostróda tel. 89 646 06 22, 89 646 06 47 (całodobowo)","Krajowe Centrum ds. AIDS / gov.pl","aktualizacja 2025-02-23","OFFICIAL","",""
"pep-0013","miejsca","DYZUR_PEP","Szpital Miejski im. J. Strusia — izba przyjęć oddziału zakaźnego— ul. Szwajcarska 3, 61-285 Poznań tel. 61 873 92 95, 61 873 93 68, 61 873 93 75 (całodobowo)","Krajowe Centrum ds. AIDS / gov.pl","aktualizacja 2025-02-23","OFFICIAL","",""
"pep-0014","miejsca","DYZUR_PEP","Wojewódzki Szpital Zespolony — SOR zakaźny— ul. Arkońska 4, 71-455 Szczecin tel. 91 813 94 40 (pn–pt 14:00–8:00; dni wolne i święta całodobowo)","Krajowe Centrum ds. AIDS / gov.pl","aktualizacja 2025-02-23","OFFICIAL","",""
"pep-0015","miejsca","DYZUR_PEP","Szpital im. J. Gromkowskiego — Izba Przyjęć Zakaźna (bud. A2)— ul. Koszarowa 5, 51-149 Wrocław tel. 71 395 75 20 (całodobowo)","Krajowe Centrum ds. AIDS / gov.pl","aktualizacja 2025-02-23","OFFICIAL","",""
"pep-0016","miejsca","DYZUR_PEP","USK im. Mikulicza-Radeckiego— ul. Chałubińskiego 2-2a, 50-368 Wrocław tel. 71 770 31 55, 71 770 31 58 (8:00–20:00)","Krajowe Centrum ds. AIDS / gov.pl","aktualizacja 2025-02-23","OFFICIAL","",""
"pep-0017","miejsca","DYZUR_PEP","Szpital Uniwersytecki im. K. Marcinkowskiego — centrala— ul. Zyty 26, 65-046 Zielona Góra tel. 68 329 62 00 (całodobowo (centrala))","Krajowe Centrum ds. AIDS / gov.pl","aktualizacja 2025-02-23","OFFICIAL","",""
"pep-0018","miejsca","DYZUR_PEP","Szpital Wojewódzki — Oddział Kliniczny Chorób Zakaźnych— ul. Kośnego 53, 45-372 Opole tel. 77 443 30 44 (całodobowo (dyżurka lekarska))","Krajowe Centrum ds. AIDS / gov.pl","aktualizacja 2025-02-23","OFFICIAL","",""
"pep-0019","miejsca","DYZUR_PEP","Wojewódzki Szpital Zespolony im. L. Rydygiera — Szpital Obserwacyjno-Zakaźny— ul. Krasińskiego 4/4a, 87-100 Toruń tel. 56 679 55 47 (całodobowo (izba przyjęć))","Krajowe Centrum ds. AIDS / gov.pl","aktualizacja 2025-02-23","OFFICIAL","",""
"pep-0020","miejsca","DYZUR_PEP","Centrum Medyczne w Łańcucie— ul. Paderewskiego 5, 37-100 Łańcut tel. 17 224 02 92, 17 224 02 40 (całodobowo (dyżurka lekarska))","Krajowe Centrum ds. AIDS / gov.pl","aktualizacja 2025-02-23","OFFICIAL","",""
"pep-0021","miejsca","DYZUR_PEP","Wrocławskie Centrum Zdrowia — Poradnia Profilaktyczno-Lecznicza— ul. Wszystkich Świętych 2, 50-136 Wrocław tel. 71 356 07 80, 71 326 67 30 (BRAK dyżuru całodobowego — tylko w godzinach pracy poradni)","Krajowe Centrum ds. AIDS / gov.pl","aktualizacja 2025-02-23","OFFICIAL","",""
"pkd-0001","miejsca","PKD","PKD przy przychodni na Bema— ul. Bema 2 lok. 011 (poziom -1), 15-369 Białystok (pn, śr, pt 15:00–17:30)","Krajowe Centrum ds. AIDS","2026","OFFICIAL","",""
"pkd-0002","miejsca","PKD","PKD na terenie poradni PROMENTE— ul. Lenartowicza 33/35, gab. 17, 85-133 Bydgoszcz (pn 16:00–20:00; śr 16:00–19:00)","Krajowe Centrum ds. AIDS","2026","OFFICIAL","",""
"pkd-0003","miejsca","PKD","PKD przy Poradni Terapii Uzależnień— ul. Zjednoczenia 10, 41-500 Chorzów (pn–czw 12:00–16:00; pt 8:00–12:00)","Krajowe Centrum ds. AIDS","2026","OFFICIAL","",""
"pkd-0004","miejsca","PKD","PKD przy MONAR— ul. Ogrodowa 66, 42-202 Częstochowa tel. 34 365 48 99 (czw 17:00–20:00)","Krajowe Centrum ds. AIDS","2026","OFFICIAL","",""
"pkd-0005","miejsca","PKD","PKD Fundacji Pomorski Dom Nadziei— ul. Smoluchowskiego 18 (bud. G, wejście 2), 80-214 Gdańsk (pn, wt, czw 16:00–20:00)","Krajowe Centrum ds. AIDS","2026","OFFICIAL","",""
"pkd-0006","miejsca","PKD","PKD Fundacji Pomorski Dom Nadziei w Szpitalu Morskim— ul. Powstania Styczniowego 1, bud. 8, gab. 17, 81-519 Gdynia (śr 16:00–20:00; pt 8:00–12:00)","Krajowe Centrum ds. AIDS","2026","OFFICIAL","",""
"pkd-0007","miejsca","PKD","PKD Fundacji Trzy Końce— ul. Waltera-Jankego 14, 40-612 Katowice (punkt pobrań Diagnostyka) (pn, wt, czw 16:00–20:00)","Krajowe Centrum ds. AIDS","2026","OFFICIAL","",""
"pkd-0008","miejsca","PKD","PKD przy Punkcie Pobrań Diagnostyki (Stow. Jeden Świat)— pl. Szczepański 3, 31-011 Kraków (pn–pt 14:45–18:00)","Krajowe Centrum ds. AIDS","2026","OFFICIAL","",""
"pkd-0009","miejsca","PKD","PKD przy NZOZ Nadzieja Rodzinie— ul. Karczówkowska 36, I p., gab. 10, 25-711 Kielce tel. 503 147 303 (wt 16:00–19:00; śr 15:00–18:00; czw 8:30–11:30)","Krajowe Centrum ds. AIDS","2026","OFFICIAL","",""
"pkd-0010","miejsca","PKD","PKD przy Zespole Gruźlicy i Chorób Płuc— ul. Niepodległości 44-48, wejście D, gab. 5, 75-252 Koszalin (śr 13:00–17:00)","Krajowe Centrum ds. AIDS","2026","OFFICIAL","",""
"pkd-0011","miejsca","PKD","PKD przy Przychodni Studenckiej— ul. Spokojna 17, 20-400 Lublin tel. 512 619 714 (wt, czw 15:00–18:00)","Krajowe Centrum ds. AIDS","2026","OFFICIAL","",""
"pkd-0012","miejsca","PKD","PKD przy ŁCMS (Fundacja Lepsze Jutro)— ul. Piotrkowska 5, I p., pok. 12, 90-406 Łódź (pn, śr, pt 16:00–20:00)","Krajowe Centrum ds. AIDS","2026","OFFICIAL","",""
"pkd-0013","miejsca","PKD","PKD w przychodni NZOZ Diagmed— ul. Lwowska 20 (wejście od Wałowej 11), 33-300 Nowy Sącz (śr 16:00–19:00; czw 16:00–18:00)","Krajowe Centrum ds. AIDS","2026","OFFICIAL","",""
"pkd-0014","miejsca","PKD","PKD przy WSSE— ul. Żołnierska 16, pok. 15, parter, 10-561 Olsztyn (wt, czw 15:00–18:00)","Krajowe Centrum ds. AIDS","2026","OFFICIAL","",""
"pkd-0015","miejsca","PKD","PKD przy Szpitalu Wojewódzkim— ul. Kośnego 53 (wejście), gab. 1, 45-064 Opole (pn, śr 16:00–19:00)","Krajowe Centrum ds. AIDS","2026","OFFICIAL","",""
"pkd-0016","miejsca","PKD","PKD Wojewódzki Szpital Zespolony— ul. Medyczna 19, pok. 144, I p., 09-400 Płock (wt, czw 15:00–18:00)","Krajowe Centrum ds. AIDS","2026","OFFICIAL","",""
"pkd-0017","miejsca","PKD","PKD przy Przychodni Stonewall— ul. Półwiejska 17/17, 61-870 Poznań (pn 14:30–19:30; wt 12:00–17:00; śr 14:30–19:30; czw 16:00–19:30; pt 10:30–18:00)","Krajowe Centrum ds. AIDS","2026","OFFICIAL","",""
"pkd-0018","miejsca","PKD","PKD przy Punkcie Pobrań Diagnostyki (Stow. Jeden Świat)— ul. Grunwaldzka 34/1, 35-068 Rzeszów tel. 513 652 351 (wt 15:00–18:00; sob 9:00–12:30)","Krajowe Centrum ds. AIDS","2026","OFFICIAL","",""
"pkd-0019","miejsca","PKD","PKD Fundacji Pomorski Dom Nadziei— ul. B. Chrobrego 10, gab. 7, 81-756 Sopot (pn, śr 16:00–20:00)","Krajowe Centrum ds. AIDS","2026","OFFICIAL","",""
"pkd-0020","miejsca","PKD","PKD przy Wojewódzkim Szpitalu Zespolonym— ul. Broniewskiego 2, gab. 206/207, I p., 71-899 Szczecin tel. 91 813 93 23 (pn–czw 15:00–19:00)","Krajowe Centrum ds. AIDS","2026","OFFICIAL","",""
"pkd-0021","miejsca","PKD","PKD przy WOTUiW— ul. Szosa Bydgoska 1, 87-100 Toruń (wt 15:00–18:00; pt 14:00–18:00)","Krajowe Centrum ds. AIDS","2026","OFFICIAL","",""
"pkd-0022","miejsca","PKD","PKD przy Szpitalu im. Sokołowskiego— ul. Batorego 4, I p., gab. 3, 58-300 Wałbrzych tel. 607 634 329 (śr 14:30–18:30)","Krajowe Centrum ds. AIDS","2026","OFFICIAL","",""
"pkd-0023","miejsca","PKD","PKD przy Fundacji Federa— ul. Świętokrzyska 30, 00-116 Warszawa (pn, wt 16:00–20:00; śr 8:00–12:00 i 16:00–20:00; czw, pt 16:00–20:00; sob 10:00–14:00)","Krajowe Centrum ds. AIDS","2026","OFFICIAL","",""
"pkd-0024","miejsca","PKD","PKD przy Poradni Chmielna Express— ul. Chmielna 4, 00-020 Warszawa (pn–pt 9:30–19:30)","Krajowe Centrum ds. AIDS","2026","OFFICIAL","",""
"pkd-0025","miejsca","PKD","PKD przy Centrum Medycyny Zapobiegawczej i Rehabilitacji— ul. Nugat 3, 02-776 Warszawa (pn–pt 16:00–20:00; sob 10:00–14:00)","Krajowe Centrum ds. AIDS","2026","OFFICIAL","",""
"pkd-0026","miejsca","PKD","PKD przy Przychodni Internistycznej (Jagiellońska)— ul. Jagiellońska 34, pok. 202, 03-719 Warszawa","Krajowe Centrum ds. AIDS","2026","OFFICIAL","",""
"pkd-0027","miejsca","PKD","PKD przy Wrocławskim Centrum Zdrowia— ul. Wszystkich Świętych 2, 50-136 Wrocław (pn–pt 16:00–20:00)","Krajowe Centrum ds. AIDS","2026","OFFICIAL","",""
"pkd-0028","miejsca","PKD","PKD przy ALDEMED— ul. Niepodległości 1, I p., 65-048 Zielona Góra (wt, czw 16:00–18:00)","Krajowe Centrum ds. AIDS","2026","OFFICIAL","",""
"wsp-0001","miejsca","TELEFON","Telefon Zaufania HIV/AIDS tel. 800 888 448 (pn–pt 9:00–21:00, z wyłączeniem dni ustawowo wolnych)","Krajowe Centrum ds. AIDS / gov.pl","aktualizacja 2025-02-23","OFFICIAL","",""
"wsp-0002","miejsca","PORADNIA_ONLINE","Poradnia Internetowa HIV/AIDS","Krajowe Centrum ds. AIDS","2026","OFFICIAL","",""
"wsp-0003","miejsca","ORGANIZACJA","Buddy Polska / Lambda Warszawa","różne organizacje","2026-07","COMMUNITY","",""
"wsp-0004","miejsca","ORGANIZACJA","Społeczny Komitet ds. AIDS","różne organizacje","2026-07","COMMUNITY","",""
"wsp-0005","miejsca","ORGANIZACJA","Zjednoczenie Pozytywni w Tęczy","różne organizacje","2026-07","COMMUNITY","",""
"wsp-0006","miejsca","ORGANIZACJA","Fundacja Edukacji Społecznej (Checkpoint)","różne organizacje","2026-07","COMMUNITY","",""
"wsp-0007","miejsca","ORGANIZACJA","Stowarzyszenie „Jeden Świat""","różne organizacje","2026-07","COMMUNITY","",""
"wsp-0008","miejsca","ORGANIZACJA","Grupa Stonewall","różne organizacje","2026-07","COMMUNITY","",""
"wsp-0009","miejsca","ORGANIZACJA","Fundacja Pomorski Dom Nadziei","różne organizacje","2026-07","COMMUNITY","",""
"wsp-0010","miejsca","ORGANIZACJA","Stowarzyszenie Wolontariuszy wobec AIDS „Bądź z Nami""","różne organizacje","2026-07","COMMUNITY","",""